pflanzen_id,deutscher_name,beziehung,ziel_typ,ziel_id,ziel_name,qualifier
KR000001,Petersilie,mischkultur_gut,pflanze,KR000189,Tomate,
KR000001,Petersilie,mischkultur_gut,pflanze,KR000002,Schnittlauch,
KR000001,Petersilie,mischkultur_gut,pflanze,KR000180,Radieschen,
KR000001,Petersilie,mischkultur_gut,pflanze,KR000259,Erdbeere,
KR000001,Petersilie,mischkultur_schlecht,pflanze,KR000129,Kopfsalat,
KR000001,Petersilie,ersatz,pflanze,KR000004,Kerbel,
KR000001,Petersilie,ersatz,zutat,,Koriandergrün,
KR000002,Schnittlauch,mischkultur_gut,pflanze,KR000166,Möhre,
KR000002,Schnittlauch,mischkultur_gut,pflanze,KR000189,Tomate,
KR000002,Schnittlauch,mischkultur_gut,pflanze,KR000259,Erdbeere,
KR000002,Schnittlauch,mischkultur_schlecht,gruppe,,Bohnen,
KR000002,Schnittlauch,mischkultur_schlecht,gruppe,,Erbsen,
KR000002,Schnittlauch,ersatz,zutat,,Frühlingszwiebelgrün,
KR000002,Schnittlauch,ersatz,pflanze,KR000041,Schnittknoblauch,
KR000003,Dill,mischkultur_gut,pflanze,KR000196,Gurke,
KR000003,Dill,mischkultur_gut,gruppe,,Kohl,
KR000003,Dill,mischkultur_gut,pflanze,KR000182,Zwiebel,
KR000003,Dill,mischkultur_gut,gruppe,,Salat,
KR000003,Dill,mischkultur_schlecht,pflanze,KR000166,Möhre,
KR000003,Dill,mischkultur_schlecht,gruppe,,Fenchel,
KR000003,Dill,ersatz,pflanze,KR000045,Fenchelgrün,
KR000003,Dill,ersatz,pflanze,KR000004,Kerbel,
KR000004,Kerbel,mischkultur_gut,gruppe,,Salat,
KR000004,Kerbel,mischkultur_gut,gruppe,,Kohl,
KR000004,Kerbel,mischkultur_gut,pflanze,KR000182,Zwiebel,
KR000004,Kerbel,ersatz,pflanze,KR000001,Petersilie,
KR000004,Kerbel,ersatz,pflanze,KR000003,Dill,
KR000005,Liebstöckel,mischkultur_gut,gruppe,,Bohnen,
KR000005,Liebstöckel,mischkultur_gut,gruppe,,Kohl,
KR000005,Liebstöckel,mischkultur_gut,gruppe,,Sellerie,
KR000005,Liebstöckel,ersatz,pflanze,KR000044,Selleriegrün,
KR000006,Koriander,mischkultur_gut,gruppe,,Salat,
KR000006,Koriander,mischkultur_gut,pflanze,KR000124,Spinat,
KR000006,Koriander,mischkultur_gut,pflanze,KR000182,Zwiebel,
KR000006,Koriander,mischkultur_schlecht,gruppe,,Fenchel,
KR000006,Koriander,ersatz,pflanze,KR000001,Petersilie,
KR000006,Koriander,ersatz,pflanze,KR000058,Vietnamesischer Koriander,
KR000007,Basilikum,mischkultur_gut,pflanze,KR000189,Tomate,
KR000007,Basilikum,mischkultur_gut,pflanze,KR000190,Paprika,
KR000007,Basilikum,mischkultur_schlecht,pflanze,KR000196,Gurke,
KR000007,Basilikum,ersatz,pflanze,KR000008,Thai-Basilikum,
KR000007,Basilikum,ersatz,pflanze,KR000009,Zitronenbasilikum,
KR000008,Thai-Basilikum,mischkultur_gut,pflanze,KR000189,Tomate,
KR000008,Thai-Basilikum,mischkultur_gut,pflanze,KR000190,Paprika,
KR000008,Thai-Basilikum,ersatz,pflanze,KR000007,Basilikum,
KR000008,Thai-Basilikum,ersatz,zutat,,Holy Basil,nur bedingt
KR000009,Zitronenbasilikum,mischkultur_gut,pflanze,KR000189,Tomate,
KR000009,Zitronenbasilikum,mischkultur_gut,pflanze,KR000190,Paprika,
KR000009,Zitronenbasilikum,ersatz,pflanze,KR000007,Basilikum,
KR000009,Zitronenbasilikum,ersatz,pflanze,KR000027,Zitronenmelisse,
KR000010,Heiliges Basilikum,ersatz,pflanze,KR000008,Thai-Basilikum,nur bedingt
KR000010,Heiliges Basilikum,ersatz,pflanze,KR000009,Zitronenbasilikum,nur bedingt
KR000010,Heiliges Basilikum,ersatz,pflanze,KR000007,Basilikum,nur bedingt
KR000011,Oregano,mischkultur_gut,pflanze,KR000189,Tomate,
KR000011,Oregano,mischkultur_gut,pflanze,KR000190,Paprika,
KR000011,Oregano,ersatz,pflanze,KR000012,Majoran,
KR000012,Majoran,mischkultur_gut,pflanze,KR000182,Zwiebel,
KR000012,Majoran,mischkultur_gut,pflanze,KR000166,Möhre,
KR000012,Majoran,ersatz,pflanze,KR000011,Oregano,
KR000013,Thymian,mischkultur_gut,gruppe,,Kohl,
KR000013,Thymian,mischkultur_gut,pflanze,KR000189,Tomate,
KR000013,Thymian,ersatz,pflanze,KR000018,Bohnenkraut,
KR000013,Thymian,ersatz,pflanze,KR000011,Oregano,
KR000014,Zitronenthymian,mischkultur_gut,gruppe,,Kohl,
KR000014,Zitronenthymian,mischkultur_gut,pflanze,KR000189,Tomate,
KR000014,Zitronenthymian,ersatz,pflanze,KR000013,Thymian,
KR000014,Zitronenthymian,ersatz,pflanze,KR000027,Zitronenmelisse,nur bedingt
KR000015,Quendel,mischkultur_gut,gruppe,,Kohl,
KR000015,Quendel,mischkultur_gut,pflanze,KR000016,Rosmarin,
KR000015,Quendel,ersatz,pflanze,KR000013,Thymian,
KR000016,Rosmarin,mischkultur_gut,gruppe,,Kohl,
KR000016,Rosmarin,mischkultur_gut,gruppe,,Bohnen,
KR000016,Rosmarin,mischkultur_gut,pflanze,KR000017,Salbei,
KR000016,Rosmarin,ersatz,pflanze,KR000013,Thymian,
KR000016,Rosmarin,ersatz,pflanze,KR000017,Salbei,
KR000017,Salbei,mischkultur_gut,gruppe,,Kohl,
KR000017,Salbei,mischkultur_gut,pflanze,KR000166,Möhre,
KR000017,Salbei,mischkultur_gut,pflanze,KR000016,Rosmarin,
KR000017,Salbei,mischkultur_schlecht,pflanze,KR000196,Gurke,
KR000017,Salbei,ersatz,pflanze,KR000016,Rosmarin,
KR000017,Salbei,ersatz,pflanze,KR000012,Majoran,
KR000018,Bohnenkraut,mischkultur_gut,gruppe,,Bohnen,
KR000018,Bohnenkraut,mischkultur_gut,pflanze,KR000182,Zwiebel,
KR000018,Bohnenkraut,ersatz,pflanze,KR000019,Bergbohnenkraut,
KR000018,Bohnenkraut,ersatz,pflanze,KR000013,Thymian,
KR000019,Bergbohnenkraut,mischkultur_gut,gruppe,,Bohnen,
KR000019,Bergbohnenkraut,mischkultur_gut,gruppe,,Kohl,
KR000019,Bergbohnenkraut,ersatz,pflanze,KR000018,Bohnenkraut,
KR000019,Bergbohnenkraut,ersatz,pflanze,KR000013,Thymian,
KR000020,Estragon,mischkultur_gut,gruppe,,Salat,
KR000020,Estragon,mischkultur_gut,pflanze,KR000182,Zwiebel,
KR000020,Estragon,ersatz,pflanze,KR000004,Kerbel,
KR000020,Estragon,ersatz,pflanze,KR000045,Fenchelgrün,
KR000021,Beifuß,mischkultur_gut,gruppe,,Kohl,
KR000021,Beifuß,mischkultur_gut,gruppe,,robuste Stauden,
KR000021,Beifuß,mischkultur_gut,gruppe,,Wildpflanzenbeete,
KR000021,Beifuß,ersatz,zutat,,Wermut nur eingeschränkt,
KR000022,Wermut,mischkultur_gut,pflanze,KR000263,Johannisbeere,
KR000022,Wermut,ersatz,zutat,,Beifuß nur eingeschränkt,
KR000023,Lorbeer,mischkultur_gut,pflanze,KR000016,Rosmarin,
KR000023,Lorbeer,mischkultur_gut,pflanze,KR000013,Thymian,
KR000023,Lorbeer,mischkultur_gut,pflanze,KR000017,Salbei,
KR000023,Lorbeer,mischkultur_gut,gruppe,,Kübelkräuter,
KR000023,Lorbeer,ersatz,hinweis,,kein vollwertiger Ersatz,
KR000024,Pfefferminze,mischkultur_gut,gruppe,,Kohl,
KR000024,Pfefferminze,mischkultur_gut,pflanze,KR000189,Tomate,
KR000024,Pfefferminze,mischkultur_schlecht,pflanze,KR000001,Petersilie,
KR000024,Pfefferminze,ersatz,pflanze,KR000025,Grüne Minze,
KR000024,Pfefferminze,ersatz,zutat,,Minze,
KR000025,Grüne Minze,mischkultur_gut,gruppe,,Kohl,
KR000025,Grüne Minze,mischkultur_gut,pflanze,KR000189,Tomate,
KR000025,Grüne Minze,mischkultur_schlecht,pflanze,KR000001,Petersilie,
KR000025,Grüne Minze,ersatz,pflanze,KR000026,Marokkanische Minze,
KR000025,Grüne Minze,ersatz,pflanze,KR000024,Pfefferminze,
KR000026,Marokkanische Minze,mischkultur_gut,gruppe,,Kohl,
KR000026,Marokkanische Minze,mischkultur_gut,pflanze,KR000189,Tomate,
KR000026,Marokkanische Minze,ersatz,pflanze,KR000025,Grüne Minze,
KR000027,Zitronenmelisse,mischkultur_gut,pflanze,KR000189,Tomate,
KR000027,Zitronenmelisse,mischkultur_gut,gruppe,,Kohl,
KR000027,Zitronenmelisse,ersatz,pflanze,KR000063,Zitronenverbene,
KR000027,Zitronenmelisse,ersatz,zutat,,Minze,
KR000028,Borretsch,mischkultur_gut,pflanze,KR000259,Erdbeere,
KR000028,Borretsch,mischkultur_gut,pflanze,KR000196,Gurke,
KR000028,Borretsch,mischkultur_gut,pflanze,KR000199,Zucchini,
KR000028,Borretsch,ersatz,zutat,,Gurkenkraut,
KR000028,Borretsch,ersatz,pflanze,KR000003,Dill,
KR000029,Pimpinelle,mischkultur_gut,gruppe,,Salat,
KR000029,Pimpinelle,mischkultur_gut,pflanze,KR000259,Erdbeere,
KR000029,Pimpinelle,ersatz,pflanze,KR000004,Kerbel,
KR000030,Sauerampfer,mischkultur_gut,gruppe,,Salat,
KR000030,Sauerampfer,mischkultur_gut,pflanze,KR000259,Erdbeere,
KR000030,Sauerampfer,ersatz,pflanze,KR000031,Schildampfer,
KR000031,Schildampfer,mischkultur_gut,gruppe,,Salat,
KR000031,Schildampfer,mischkultur_gut,pflanze,KR000259,Erdbeere,
KR000031,Schildampfer,ersatz,pflanze,KR000030,Sauerampfer,
KR000032,Gartenkresse,ersatz,pflanze,KR000033,Brunnenkresse,
KR000032,Gartenkresse,ersatz,pflanze,KR000034,Kapuzinerkresse,nur bedingt
KR000032,Gartenkresse,ersatz,zutat,,junge Rauke,nur bedingt
KR000033,Brunnenkresse,mischkultur_gut,gruppe,,feuchte Beetbereiche,
KR000033,Brunnenkresse,ersatz,pflanze,KR000034,Kapuzinerkresse,
KR000033,Brunnenkresse,ersatz,pflanze,KR000035,Rucola,
KR000034,Kapuzinerkresse,mischkultur_gut,pflanze,KR000189,Tomate,
KR000034,Kapuzinerkresse,mischkultur_gut,gruppe,,Kohl,
KR000034,Kapuzinerkresse,mischkultur_gut,gruppe,,Obstgehölze,
KR000034,Kapuzinerkresse,ersatz,pflanze,KR000035,Rucola,
KR000034,Kapuzinerkresse,ersatz,pflanze,KR000033,Brunnenkresse,
KR000035,Rucola,mischkultur_gut,gruppe,,Salat,
KR000035,Rucola,mischkultur_gut,pflanze,KR000182,Zwiebel,
KR000035,Rucola,mischkultur_gut,pflanze,KR000089,Ringelblume,
KR000035,Rucola,ersatz,pflanze,KR000036,Wilde Rauke,
KR000035,Rucola,ersatz,pflanze,KR000033,Brunnenkresse,
KR000036,Wilde Rauke,mischkultur_gut,gruppe,,Salat,
KR000036,Wilde Rauke,mischkultur_gut,pflanze,KR000182,Zwiebel,
KR000036,Wilde Rauke,ersatz,pflanze,KR000035,Rucola,
KR000037,Portulak,mischkultur_gut,pflanze,KR000189,Tomate,
KR000037,Portulak,mischkultur_gut,pflanze,KR000196,Gurke,
KR000037,Portulak,mischkultur_gut,pflanze,KR000182,Zwiebel,
KR000037,Portulak,ersatz,pflanze,KR000038,Winterportulak,
KR000037,Portulak,ersatz,zutat,,Spinat jung,
KR000038,Winterportulak,mischkultur_gut,gruppe,,Salat,
KR000038,Winterportulak,mischkultur_gut,pflanze,KR000124,Spinat,
KR000038,Winterportulak,ersatz,pflanze,KR000037,Portulak,
KR000038,Winterportulak,ersatz,pflanze,KR000128,Feldsalat,
KR000039,Bärlauch,mischkultur_gut,gruppe,,Gehölzrandpflanzungen,
KR000039,Bärlauch,mischkultur_schlecht,gruppe,,Bohnen,
KR000039,Bärlauch,mischkultur_schlecht,gruppe,,Erbsen,
KR000039,Bärlauch,ersatz,pflanze,KR000183,Knoblauch,
KR000039,Bärlauch,ersatz,pflanze,KR000041,Schnittknoblauch,
KR000040,Knoblauchsrauke,mischkultur_gut,gruppe,,Gehölzrandpflanzungen,
KR000040,Knoblauchsrauke,ersatz,pflanze,KR000039,Bärlauch,
KR000040,Knoblauchsrauke,ersatz,pflanze,KR000041,Schnittknoblauch,
KR000041,Schnittknoblauch,mischkultur_gut,pflanze,KR000166,Möhre,
KR000041,Schnittknoblauch,mischkultur_gut,pflanze,KR000259,Erdbeere,
KR000041,Schnittknoblauch,mischkultur_schlecht,gruppe,,Erbsen,
KR000041,Schnittknoblauch,mischkultur_schlecht,gruppe,,Bohnen,
KR000041,Schnittknoblauch,ersatz,pflanze,KR000002,Schnittlauch,
KR000041,Schnittknoblauch,ersatz,pflanze,KR000183,Knoblauch,
KR000042,Frühlingszwiebel,mischkultur_gut,pflanze,KR000166,Möhre,
KR000042,Frühlingszwiebel,mischkultur_gut,gruppe,,Salat,
KR000042,Frühlingszwiebel,mischkultur_gut,pflanze,KR000259,Erdbeere,
KR000042,Frühlingszwiebel,mischkultur_schlecht,gruppe,,Bohnen,
KR000042,Frühlingszwiebel,mischkultur_schlecht,gruppe,,Erbsen,
KR000042,Frühlingszwiebel,ersatz,pflanze,KR000002,Schnittlauch,
KR000042,Frühlingszwiebel,ersatz,pflanze,KR000182,Zwiebel,
KR000043,Etagenzwiebel,mischkultur_gut,pflanze,KR000166,Möhre,
KR000043,Etagenzwiebel,mischkultur_gut,gruppe,,Salat,
KR000043,Etagenzwiebel,mischkultur_gut,pflanze,KR000259,Erdbeere,
KR000043,Etagenzwiebel,mischkultur_schlecht,gruppe,,Bohnen,
KR000043,Etagenzwiebel,mischkultur_schlecht,gruppe,,Erbsen,
KR000043,Etagenzwiebel,ersatz,pflanze,KR000042,Frühlingszwiebel,
KR000043,Etagenzwiebel,ersatz,pflanze,KR000002,Schnittlauch,
KR000043,Etagenzwiebel,ersatz,zutat,,junge Zwiebel,
KR000044,Selleriegrün,mischkultur_gut,gruppe,,Kohl,
KR000044,Selleriegrün,mischkultur_gut,pflanze,KR000189,Tomate,
KR000044,Selleriegrün,mischkultur_gut,pflanze,KR000184,Lauch,
KR000044,Selleriegrün,mischkultur_schlecht,pflanze,KR000207,Mais,
KR000044,Selleriegrün,ersatz,pflanze,KR000005,Liebstöckel,
KR000044,Selleriegrün,ersatz,zutat,,Stangensellerieblätter,
KR000045,Fenchelgrün,mischkultur_gut,gruppe,,Salat,
KR000045,Fenchelgrün,mischkultur_gut,pflanze,KR000182,Zwiebel,
KR000045,Fenchelgrün,mischkultur_schlecht,pflanze,KR000189,Tomate,
KR000045,Fenchelgrün,mischkultur_schlecht,gruppe,,Bohnen,
KR000045,Fenchelgrün,mischkultur_schlecht,pflanze,KR000047,Kümmel,
KR000045,Fenchelgrün,mischkultur_schlecht,pflanze,KR000006,Koriander,
KR000045,Fenchelgrün,ersatz,pflanze,KR000003,Dill,
KR000045,Fenchelgrün,ersatz,pflanze,KR000020,Estragon,
KR000046,Anis,mischkultur_gut,pflanze,KR000006,Koriander,
KR000046,Anis,ersatz,zutat,,Fenchelsamen,
KR000047,Kümmel,mischkultur_gut,gruppe,,Salat,
KR000047,Kümmel,mischkultur_gut,pflanze,KR000182,Zwiebel,
KR000047,Kümmel,mischkultur_schlecht,gruppe,,Fenchel,
KR000047,Kümmel,ersatz,zutat,,Fenchel,
KR000047,Kümmel,ersatz,pflanze,KR000046,Anis,
KR000048,Kreuzkümmel,ersatz,zutat,,Kümmel nur eingeschränkt,
KR000049,Bockshornklee,mischkultur_gut,gruppe,,Erbsen,
KR000049,Bockshornklee,mischkultur_gut,gruppe,,Bohnen,
KR000049,Bockshornklee,ersatz,zutat,,Schabzigerklee eingeschränkt,
KR000050,Schabzigerklee,mischkultur_gut,gruppe,,Erbsen,
KR000050,Schabzigerklee,mischkultur_gut,gruppe,,Bohnen,
KR000050,Schabzigerklee,ersatz,zutat,,Bockshornklee eingeschränkt,
KR000051,Schwarzkümmel,ersatz,zutat,,Sesam + Pfeffer nur sehr eingeschränkt,
KR000052,Zitronengras,mischkultur_gut,pflanze,KR000191,Chili,
KR000052,Zitronengras,mischkultur_gut,pflanze,KR000007,Basilikum,
KR000052,Zitronengras,ersatz,zutat,,Zitronenverbene nur eingeschränkt,
KR000053,Currykraut,mischkultur_gut,gruppe,,Lavendel,
KR000053,Currykraut,mischkultur_gut,pflanze,KR000013,Thymian,
KR000053,Currykraut,ersatz,zutat,,Curryblatt nicht direkt,
KR000054,Olivenkraut,mischkultur_gut,pflanze,KR000013,Thymian,
KR000054,Olivenkraut,mischkultur_gut,pflanze,KR000016,Rosmarin,
KR000054,Olivenkraut,ersatz,zutat,,Rosmarin nur eingeschränkt,
KR000055,Ysop,mischkultur_gut,gruppe,,Kohl,
KR000055,Ysop,mischkultur_gut,gruppe,,Wein,
KR000055,Ysop,ersatz,pflanze,KR000018,Bohnenkraut,
KR000055,Ysop,ersatz,pflanze,KR000017,Salbei,
KR000056,Weinraute,mischkultur_gut,gruppe,,Rose,
KR000056,Weinraute,mischkultur_gut,pflanze,KR000017,Salbei,
KR000056,Weinraute,ersatz,hinweis,,kein vollwertiger Ersatz,
KR000057,Perilla,mischkultur_gut,pflanze,KR000189,Tomate,
KR000057,Perilla,mischkultur_gut,pflanze,KR000191,Chili,
KR000057,Perilla,ersatz,pflanze,KR000008,Thai-Basilikum,
KR000057,Perilla,ersatz,pflanze,KR000058,Vietnamesischer Koriander,
KR000058,Vietnamesischer Koriander,mischkultur_gut,pflanze,KR000007,Basilikum,
KR000058,Vietnamesischer Koriander,mischkultur_gut,pflanze,KR000191,Chili,
KR000058,Vietnamesischer Koriander,ersatz,pflanze,KR000006,Koriander,
KR000058,Vietnamesischer Koriander,ersatz,pflanze,KR000057,Perilla,
KR000059,Curryblatt,ersatz,hinweis,,kein vollwertiger Ersatz,
KR000059,Curryblatt,ersatz,zutat,,Lorbeer mit Limettenschale nur entfernt ähnlich,
KR000060,Weißer Senf,ersatz,pflanze,KR000061,Brauner Senf,
KR000060,Weißer Senf,ersatz,pflanze,KR000062,Schwarzer Senf,nur bedingt
KR000061,Brauner Senf,ersatz,pflanze,KR000062,Schwarzer Senf,
KR000061,Brauner Senf,ersatz,pflanze,KR000060,Weißer Senf,nur bedingt
KR000062,Schwarzer Senf,ersatz,pflanze,KR000061,Brauner Senf,
KR000062,Schwarzer Senf,ersatz,pflanze,KR000060,Weißer Senf,nur bedingt
KR000065,Lakritz-Tagetes,ersatz,pflanze,KR000077,Anis-Ysop,nur bedingt
KR000065,Lakritz-Tagetes,ersatz,pflanze,KR000045,Fenchelgrün,nur bedingt
KR000072,Apfelminze,mischkultur_gut,gruppe,,Kohl,
KR000072,Apfelminze,mischkultur_gut,pflanze,KR000189,Tomate,
KR000072,Apfelminze,mischkultur_gut,gruppe,,Salat,
KR000072,Apfelminze,ersatz,zutat,,Minze,
KR000072,Apfelminze,ersatz,pflanze,KR000025,Grüne Minze,
KR000102,Spitzwegerich,ersatz,pflanze,KR000103,Breitwegerich,
KR000102,Spitzwegerich,ersatz,zutat,,junge Löwenzahnblätter,nur bedingt
KR000103,Breitwegerich,ersatz,pflanze,KR000102,Spitzwegerich,
KR000103,Breitwegerich,ersatz,zutat,,junge Löwenzahnblätter,nur bedingt
KR000112,Wiesen-Bärenklau,ersatz,pflanze,KR000099,Giersch,nur bedingt
KR000112,Wiesen-Bärenklau,ersatz,zutat,,junge Sellerieblätter,nur bedingt
KR000117,Melde,mischkultur_gut,gruppe,,Salat,
KR000117,Melde,mischkultur_gut,pflanze,KR000180,Radieschen,
KR000117,Melde,mischkultur_gut,pflanze,KR000182,Zwiebel,
KR000117,Melde,ersatz,pflanze,KR000124,Spinat,
KR000117,Melde,ersatz,pflanze,KR000125,Mangold,
KR000117,Melde,ersatz,pflanze,KR000119,Weißer Gänsefuß,
KR000118,Baumspinat,mischkultur_gut,gruppe,,Salat,
KR000118,Baumspinat,mischkultur_gut,pflanze,KR000180,Radieschen,
KR000118,Baumspinat,mischkultur_gut,pflanze,KR000182,Zwiebel,
KR000118,Baumspinat,ersatz,pflanze,KR000117,Melde,
KR000118,Baumspinat,ersatz,pflanze,KR000124,Spinat,
KR000118,Baumspinat,ersatz,pflanze,KR000125,Mangold,
KR000124,Spinat,mischkultur_gut,pflanze,KR000259,Erdbeere,
KR000124,Spinat,mischkultur_gut,pflanze,KR000180,Radieschen,
KR000124,Spinat,mischkultur_gut,gruppe,,Kohl,
KR000124,Spinat,mischkultur_schlecht,pflanze,KR000126,Rote Bete,
KR000124,Spinat,ersatz,pflanze,KR000125,Mangold,
KR000124,Spinat,ersatz,pflanze,KR000037,Portulak,
KR000125,Mangold,mischkultur_gut,gruppe,,Bohnen,
KR000125,Mangold,mischkultur_gut,gruppe,,Kohl,
KR000125,Mangold,mischkultur_gut,gruppe,,Salat,
KR000125,Mangold,mischkultur_schlecht,pflanze,KR000124,Spinat,
KR000125,Mangold,mischkultur_schlecht,pflanze,KR000126,Rote Bete,
KR000125,Mangold,ersatz,pflanze,KR000124,Spinat,
KR000126,Rote Bete,mischkultur_gut,pflanze,KR000182,Zwiebel,
KR000126,Rote Bete,mischkultur_gut,pflanze,KR000158,Kohlrabi,
KR000126,Rote Bete,mischkultur_gut,gruppe,,Salat,
KR000126,Rote Bete,mischkultur_schlecht,pflanze,KR000124,Spinat,
KR000126,Rote Bete,mischkultur_schlecht,pflanze,KR000125,Mangold,
KR000126,Rote Bete,ersatz,zutat,,Mangoldstiele nur sehr eingeschränkt,
KR000127,Zuckerwurzel,mischkultur_gut,pflanze,KR000182,Zwiebel,
KR000127,Zuckerwurzel,mischkultur_gut,gruppe,,Salat,
KR000127,Zuckerwurzel,mischkultur_gut,pflanze,KR000180,Radieschen,
KR000127,Zuckerwurzel,ersatz,pflanze,KR000167,Pastinake,
KR000127,Zuckerwurzel,ersatz,pflanze,KR000168,Petersilienwurzel,
KR000127,Zuckerwurzel,ersatz,pflanze,KR000173,Schwarzwurzel,
KR000128,Feldsalat,mischkultur_gut,pflanze,KR000166,Möhre,
KR000128,Feldsalat,mischkultur_gut,pflanze,KR000184,Lauch,
KR000128,Feldsalat,mischkultur_gut,pflanze,KR000180,Radieschen,
KR000128,Feldsalat,ersatz,pflanze,KR000038,Winterportulak,
KR000129,Kopfsalat,mischkultur_gut,pflanze,KR000180,Radieschen,
KR000129,Kopfsalat,mischkultur_gut,pflanze,KR000166,Möhre,
KR000129,Kopfsalat,mischkultur_gut,pflanze,KR000182,Zwiebel,
KR000129,Kopfsalat,mischkultur_gut,pflanze,KR000259,Erdbeere,
KR000129,Kopfsalat,mischkultur_schlecht,pflanze,KR000001,Petersilie,
KR000129,Kopfsalat,ersatz,pflanze,KR000130,Römersalat,
KR000129,Kopfsalat,ersatz,pflanze,KR000131,Eichblattsalat,
KR000130,Römersalat,mischkultur_gut,pflanze,KR000180,Radieschen,
KR000130,Römersalat,mischkultur_gut,pflanze,KR000166,Möhre,
KR000130,Römersalat,mischkultur_gut,pflanze,KR000182,Zwiebel,
KR000130,Römersalat,mischkultur_gut,pflanze,KR000259,Erdbeere,
KR000130,Römersalat,mischkultur_schlecht,pflanze,KR000001,Petersilie,
KR000130,Römersalat,ersatz,pflanze,KR000129,Kopfsalat,
KR000131,Eichblattsalat,mischkultur_gut,pflanze,KR000180,Radieschen,
KR000131,Eichblattsalat,mischkultur_gut,pflanze,KR000166,Möhre,
KR000131,Eichblattsalat,mischkultur_gut,pflanze,KR000259,Erdbeere,
KR000131,Eichblattsalat,mischkultur_schlecht,pflanze,KR000001,Petersilie,
KR000131,Eichblattsalat,ersatz,pflanze,KR000129,Kopfsalat,
KR000131,Eichblattsalat,ersatz,pflanze,KR000130,Römersalat,
KR000132,Endivie,mischkultur_gut,pflanze,KR000166,Möhre,
KR000132,Endivie,mischkultur_gut,pflanze,KR000184,Lauch,
KR000132,Endivie,mischkultur_gut,gruppe,,Salat,
KR000132,Endivie,ersatz,pflanze,KR000135,Radicchio,
KR000133,Frisée,mischkultur_gut,gruppe,,Salat,
KR000133,Frisée,mischkultur_gut,pflanze,KR000180,Radieschen,
KR000133,Frisée,mischkultur_gut,pflanze,KR000182,Zwiebel,
KR000133,Frisée,ersatz,pflanze,KR000132,Endivie,
KR000133,Frisée,ersatz,pflanze,KR000136,Zuckerhut,
KR000133,Frisée,ersatz,pflanze,KR000135,Radicchio,
KR000134,Chicorée,mischkultur_gut,gruppe,,Salat,
KR000134,Chicorée,mischkultur_gut,pflanze,KR000180,Radieschen,
KR000134,Chicorée,mischkultur_gut,pflanze,KR000182,Zwiebel,
KR000134,Chicorée,ersatz,pflanze,KR000132,Endivie,
KR000134,Chicorée,ersatz,pflanze,KR000136,Zuckerhut,
KR000134,Chicorée,ersatz,pflanze,KR000135,Radicchio,
KR000135,Radicchio,mischkultur_gut,pflanze,KR000166,Möhre,
KR000135,Radicchio,mischkultur_gut,pflanze,KR000182,Zwiebel,
KR000135,Radicchio,mischkultur_gut,gruppe,,Salat,
KR000135,Radicchio,ersatz,pflanze,KR000132,Endivie,
KR000136,Zuckerhut,mischkultur_gut,gruppe,,Salat,
KR000136,Zuckerhut,mischkultur_gut,pflanze,KR000180,Radieschen,
KR000136,Zuckerhut,mischkultur_gut,pflanze,KR000182,Zwiebel,
KR000136,Zuckerhut,ersatz,pflanze,KR000132,Endivie,
KR000136,Zuckerhut,ersatz,pflanze,KR000134,Chicorée,
KR000136,Zuckerhut,ersatz,pflanze,KR000133,Frisée,
KR000137,Catalogna,mischkultur_gut,gruppe,,Salat,
KR000137,Catalogna,mischkultur_gut,pflanze,KR000180,Radieschen,
KR000137,Catalogna,mischkultur_gut,pflanze,KR000182,Zwiebel,
KR000137,Catalogna,ersatz,pflanze,KR000135,Radicchio,
KR000137,Catalogna,ersatz,pflanze,KR000132,Endivie,
KR000137,Catalogna,ersatz,pflanze,KR000096,Löwenzahn,
KR000138,Portulakröschen,ersatz,zutat,,Kapuzinerkresse-Blüten,
KR000138,Portulakröschen,ersatz,zutat,,Taglilienblüten,nur bedingt
KR000139,Neuseeländer Spinat,mischkultur_gut,gruppe,,Salat,
KR000139,Neuseeländer Spinat,mischkultur_gut,pflanze,KR000180,Radieschen,
KR000139,Neuseeländer Spinat,mischkultur_gut,pflanze,KR000182,Zwiebel,
KR000139,Neuseeländer Spinat,ersatz,pflanze,KR000124,Spinat,
KR000139,Neuseeländer Spinat,ersatz,pflanze,KR000125,Mangold,
KR000139,Neuseeländer Spinat,ersatz,pflanze,KR000140,Malabarspinat,
KR000140,Malabarspinat,mischkultur_gut,gruppe,,Salat,
KR000140,Malabarspinat,mischkultur_gut,pflanze,KR000180,Radieschen,
KR000140,Malabarspinat,mischkultur_gut,pflanze,KR000182,Zwiebel,
KR000140,Malabarspinat,ersatz,pflanze,KR000124,Spinat,
KR000140,Malabarspinat,ersatz,pflanze,KR000150,Wasserspinat,
KR000140,Malabarspinat,ersatz,pflanze,KR000149,Amaranth-Blatt,
KR000141,Eiskraut,mischkultur_gut,gruppe,,Salat,
KR000141,Eiskraut,mischkultur_gut,pflanze,KR000180,Radieschen,
KR000141,Eiskraut,mischkultur_gut,pflanze,KR000182,Zwiebel,
KR000141,Eiskraut,ersatz,pflanze,KR000037,Portulak,
KR000141,Eiskraut,ersatz,pflanze,KR000196,Gurke,nur bedingt
KR000142,Asiasalat Mizuna,mischkultur_gut,gruppe,,Salat,
KR000142,Asiasalat Mizuna,mischkultur_gut,pflanze,KR000180,Radieschen,
KR000142,Asiasalat Mizuna,mischkultur_gut,pflanze,KR000182,Zwiebel,
KR000142,Asiasalat Mizuna,ersatz,pflanze,KR000143,Mibuna,
KR000142,Asiasalat Mizuna,ersatz,pflanze,KR000035,Rucola,
KR000142,Asiasalat Mizuna,ersatz,pflanze,KR000144,Tatsoi,
KR000143,Mibuna,mischkultur_gut,gruppe,,Salat,
KR000143,Mibuna,mischkultur_gut,pflanze,KR000180,Radieschen,
KR000143,Mibuna,mischkultur_gut,pflanze,KR000182,Zwiebel,
KR000143,Mibuna,ersatz,zutat,,Mizuna,
KR000143,Mibuna,ersatz,pflanze,KR000144,Tatsoi,
KR000143,Mibuna,ersatz,pflanze,KR000145,Pak Choi,
KR000144,Tatsoi,mischkultur_gut,gruppe,,Salat,
KR000144,Tatsoi,mischkultur_gut,pflanze,KR000124,Spinat,
KR000144,Tatsoi,ersatz,pflanze,KR000145,Pak Choi,
KR000144,Tatsoi,ersatz,pflanze,KR000124,Spinat,
KR000145,Pak Choi,mischkultur_gut,gruppe,,Salat,
KR000145,Pak Choi,mischkultur_gut,pflanze,KR000124,Spinat,
KR000145,Pak Choi,mischkultur_gut,pflanze,KR000182,Zwiebel,
KR000145,Pak Choi,mischkultur_schlecht,gruppe,,Kohl,
KR000145,Pak Choi,ersatz,pflanze,KR000144,Tatsoi,
KR000145,Pak Choi,ersatz,zutat,,Mangold jung,
KR000146,Komatsuna,mischkultur_gut,gruppe,,Salat,
KR000146,Komatsuna,mischkultur_gut,pflanze,KR000180,Radieschen,
KR000146,Komatsuna,mischkultur_gut,pflanze,KR000182,Zwiebel,
KR000146,Komatsuna,ersatz,pflanze,KR000145,Pak Choi,
KR000146,Komatsuna,ersatz,pflanze,KR000144,Tatsoi,
KR000146,Komatsuna,ersatz,pflanze,KR000124,Spinat,
KR000147,Kai Lan,mischkultur_gut,gruppe,,Salat,
KR000147,Kai Lan,mischkultur_gut,pflanze,KR000180,Radieschen,
KR000147,Kai Lan,mischkultur_gut,pflanze,KR000182,Zwiebel,
KR000147,Kai Lan,ersatz,pflanze,KR000160,Brokkoli,
KR000147,Kai Lan,ersatz,pflanze,KR000148,Choy Sum,
KR000147,Kai Lan,ersatz,pflanze,KR000145,Pak Choi,
KR000148,Choy Sum,mischkultur_gut,gruppe,,Salat,
KR000148,Choy Sum,mischkultur_gut,pflanze,KR000180,Radieschen,
KR000148,Choy Sum,mischkultur_gut,pflanze,KR000182,Zwiebel,
KR000148,Choy Sum,ersatz,pflanze,KR000147,Kai Lan,
KR000148,Choy Sum,ersatz,pflanze,KR000145,Pak Choi,
KR000148,Choy Sum,ersatz,pflanze,KR000144,Tatsoi,
KR000149,Amaranth-Blatt,mischkultur_gut,gruppe,,Salat,
KR000149,Amaranth-Blatt,mischkultur_gut,pflanze,KR000180,Radieschen,
KR000149,Amaranth-Blatt,mischkultur_gut,pflanze,KR000182,Zwiebel,
KR000149,Amaranth-Blatt,ersatz,pflanze,KR000124,Spinat,
KR000149,Amaranth-Blatt,ersatz,pflanze,KR000140,Malabarspinat,
KR000149,Amaranth-Blatt,ersatz,pflanze,KR000119,Weißer Gänsefuß,
KR000150,Wasserspinat,mischkultur_gut,gruppe,,Salat,
KR000150,Wasserspinat,mischkultur_gut,pflanze,KR000180,Radieschen,
KR000150,Wasserspinat,mischkultur_gut,pflanze,KR000182,Zwiebel,
KR000150,Wasserspinat,ersatz,pflanze,KR000124,Spinat,
KR000150,Wasserspinat,ersatz,pflanze,KR000145,Pak Choi,
KR000150,Wasserspinat,ersatz,pflanze,KR000140,Malabarspinat,
KR000151,Weißkohl,mischkultur_gut,gruppe,,Sellerie,
KR000151,Weißkohl,mischkultur_gut,gruppe,,Salat,
KR000151,Weißkohl,mischkultur_gut,pflanze,KR000003,Dill,
KR000151,Weißkohl,mischkultur_gut,pflanze,KR000124,Spinat,
KR000151,Weißkohl,mischkultur_schlecht,gruppe,,Kohl,
KR000151,Weißkohl,ersatz,pflanze,KR000154,Spitzkohl,
KR000151,Weißkohl,ersatz,pflanze,KR000153,Wirsing,
KR000152,Rotkohl,mischkultur_gut,gruppe,,Sellerie,
KR000152,Rotkohl,mischkultur_gut,gruppe,,Salat,
KR000152,Rotkohl,mischkultur_gut,pflanze,KR000124,Spinat,
KR000152,Rotkohl,mischkultur_schlecht,gruppe,,Kohl,
KR000152,Rotkohl,ersatz,pflanze,KR000151,Weißkohl,
KR000153,Wirsing,mischkultur_gut,gruppe,,Sellerie,
KR000153,Wirsing,mischkultur_gut,gruppe,,Salat,
KR000153,Wirsing,mischkultur_gut,pflanze,KR000124,Spinat,
KR000153,Wirsing,mischkultur_schlecht,gruppe,,Kohl,
KR000153,Wirsing,ersatz,pflanze,KR000151,Weißkohl,
KR000153,Wirsing,ersatz,pflanze,KR000154,Spitzkohl,
KR000154,Spitzkohl,mischkultur_gut,gruppe,,Sellerie,
KR000154,Spitzkohl,mischkultur_gut,gruppe,,Salat,
KR000154,Spitzkohl,mischkultur_gut,pflanze,KR000124,Spinat,
KR000154,Spitzkohl,mischkultur_schlecht,gruppe,,Kohl,
KR000154,Spitzkohl,ersatz,pflanze,KR000151,Weißkohl,
KR000155,Grünkohl,mischkultur_gut,gruppe,,Sellerie,
KR000155,Grünkohl,mischkultur_gut,gruppe,,Bohnen,
KR000155,Grünkohl,mischkultur_gut,gruppe,,Salat,
KR000155,Grünkohl,mischkultur_schlecht,gruppe,,Kohl,
KR000155,Grünkohl,ersatz,zutat,,Schwarzkohl,
KR000156,Palmkohl,mischkultur_gut,gruppe,,Sellerie,
KR000156,Palmkohl,mischkultur_gut,gruppe,,Salat,
KR000156,Palmkohl,mischkultur_gut,pflanze,KR000124,Spinat,
KR000156,Palmkohl,mischkultur_schlecht,gruppe,,Kohl,
KR000156,Palmkohl,ersatz,pflanze,KR000155,Grünkohl,
KR000156,Palmkohl,ersatz,pflanze,KR000125,Mangold,
KR000156,Palmkohl,ersatz,pflanze,KR000153,Wirsing,
KR000157,Rosenkohl,mischkultur_gut,gruppe,,Sellerie,
KR000157,Rosenkohl,mischkultur_gut,gruppe,,Salat,
KR000157,Rosenkohl,mischkultur_gut,pflanze,KR000124,Spinat,
KR000157,Rosenkohl,mischkultur_schlecht,gruppe,,Kohl,
KR000157,Rosenkohl,ersatz,pflanze,KR000158,Kohlrabi,
KR000157,Rosenkohl,ersatz,zutat,,Brokkoliröschen,
KR000157,Rosenkohl,ersatz,zutat,,Blumenkohlröschen,
KR000158,Kohlrabi,mischkultur_gut,gruppe,,Erbsen,
KR000158,Kohlrabi,mischkultur_gut,gruppe,,Bohnen,
KR000158,Kohlrabi,mischkultur_gut,gruppe,,Salat,
KR000158,Kohlrabi,mischkultur_gut,gruppe,,Sellerie,
KR000158,Kohlrabi,mischkultur_schlecht,gruppe,,Kohl,
KR000158,Kohlrabi,ersatz,zutat,,Brokkolistiel,
KR000158,Kohlrabi,ersatz,zutat,,Kohlrübe,nur bedingt
KR000159,Blumenkohl,mischkultur_gut,gruppe,,Sellerie,
KR000159,Blumenkohl,mischkultur_gut,gruppe,,Salat,
KR000159,Blumenkohl,mischkultur_gut,pflanze,KR000124,Spinat,
KR000159,Blumenkohl,mischkultur_schlecht,gruppe,,Kohl,
KR000159,Blumenkohl,ersatz,pflanze,KR000160,Brokkoli,
KR000160,Brokkoli,mischkultur_gut,gruppe,,Sellerie,
KR000160,Brokkoli,mischkultur_gut,pflanze,KR000124,Spinat,
KR000160,Brokkoli,mischkultur_gut,gruppe,,Salat,
KR000160,Brokkoli,mischkultur_gut,pflanze,KR000182,Zwiebel,
KR000160,Brokkoli,mischkultur_schlecht,gruppe,,Kohl,
KR000160,Brokkoli,ersatz,pflanze,KR000159,Blumenkohl,
KR000161,Romanesco,mischkultur_gut,gruppe,,Sellerie,
KR000161,Romanesco,mischkultur_gut,gruppe,,Salat,
KR000161,Romanesco,mischkultur_gut,pflanze,KR000124,Spinat,
KR000161,Romanesco,mischkultur_schlecht,gruppe,,Kohl,
KR000161,Romanesco,ersatz,pflanze,KR000159,Blumenkohl,
KR000161,Romanesco,ersatz,pflanze,KR000160,Brokkoli,
KR000162,Stängelkohl,mischkultur_gut,gruppe,,Sellerie,
KR000162,Stängelkohl,mischkultur_gut,gruppe,,Salat,
KR000162,Stängelkohl,mischkultur_gut,pflanze,KR000124,Spinat,
KR000162,Stängelkohl,mischkultur_schlecht,gruppe,,Kohl,
KR000162,Stängelkohl,ersatz,pflanze,KR000160,Brokkoli,
KR000162,Stängelkohl,ersatz,pflanze,KR000156,Palmkohl,
KR000162,Stängelkohl,ersatz,pflanze,KR000147,Kai Lan,
KR000163,Rübstiel,mischkultur_gut,gruppe,,Salat,
KR000163,Rübstiel,mischkultur_gut,pflanze,KR000180,Radieschen,
KR000163,Rübstiel,mischkultur_gut,pflanze,KR000182,Zwiebel,
KR000163,Rübstiel,ersatz,pflanze,KR000125,Mangold,
KR000163,Rübstiel,ersatz,pflanze,KR000124,Spinat,
KR000163,Rübstiel,ersatz,pflanze,KR000162,Stängelkohl,
KR000164,Speiserübe,mischkultur_gut,pflanze,KR000182,Zwiebel,
KR000164,Speiserübe,mischkultur_gut,gruppe,,Salat,
KR000164,Speiserübe,mischkultur_gut,pflanze,KR000180,Radieschen,
KR000164,Speiserübe,ersatz,pflanze,KR000165,Steckrübe,
KR000164,Speiserübe,ersatz,pflanze,KR000158,Kohlrabi,
KR000164,Speiserübe,ersatz,zutat,,Mairübe,
KR000165,Steckrübe,mischkultur_gut,pflanze,KR000182,Zwiebel,
KR000165,Steckrübe,mischkultur_gut,gruppe,,Salat,
KR000165,Steckrübe,mischkultur_gut,pflanze,KR000180,Radieschen,
KR000165,Steckrübe,ersatz,pflanze,KR000164,Speiserübe,
KR000165,Steckrübe,ersatz,pflanze,KR000167,Pastinake,
KR000165,Steckrübe,ersatz,zutat,,Sellerieknolle,
KR000166,Möhre,mischkultur_gut,pflanze,KR000182,Zwiebel,
KR000166,Möhre,mischkultur_gut,pflanze,KR000184,Lauch,
KR000166,Möhre,mischkultur_gut,pflanze,KR000002,Schnittlauch,
KR000166,Möhre,mischkultur_gut,gruppe,,Erbsen,
KR000166,Möhre,mischkultur_schlecht,pflanze,KR000003,Dill,
KR000166,Möhre,mischkultur_schlecht,gruppe,,Sellerie,
KR000166,Möhre,ersatz,pflanze,KR000167,Pastinake,
KR000167,Pastinake,mischkultur_gut,pflanze,KR000182,Zwiebel,
KR000167,Pastinake,mischkultur_gut,gruppe,,Salat,
KR000167,Pastinake,ersatz,pflanze,KR000168,Petersilienwurzel,
KR000167,Pastinake,ersatz,pflanze,KR000166,Möhre,
KR000168,Petersilienwurzel,mischkultur_gut,pflanze,KR000182,Zwiebel,
KR000168,Petersilienwurzel,mischkultur_gut,pflanze,KR000184,Lauch,
KR000168,Petersilienwurzel,ersatz,pflanze,KR000167,Pastinake,
KR000169,Knollensellerie,mischkultur_gut,pflanze,KR000182,Zwiebel,
KR000169,Knollensellerie,mischkultur_gut,gruppe,,Salat,
KR000169,Knollensellerie,mischkultur_gut,pflanze,KR000180,Radieschen,
KR000169,Knollensellerie,ersatz,pflanze,KR000168,Petersilienwurzel,
KR000169,Knollensellerie,ersatz,pflanze,KR000167,Pastinake,
KR000169,Knollensellerie,ersatz,pflanze,KR000170,Stangensellerie,nur bedingt
KR000170,Stangensellerie,mischkultur_gut,pflanze,KR000184,Lauch,
KR000170,Stangensellerie,mischkultur_gut,gruppe,,Kohl,
KR000170,Stangensellerie,mischkultur_gut,pflanze,KR000189,Tomate,
KR000170,Stangensellerie,mischkultur_schlecht,pflanze,KR000207,Mais,
KR000170,Stangensellerie,ersatz,zutat,,Sellerie,
KR000171,Schnittsellerie,mischkultur_gut,gruppe,,Kohl,
KR000171,Schnittsellerie,mischkultur_gut,pflanze,KR000184,Lauch,
KR000171,Schnittsellerie,ersatz,pflanze,KR000044,Selleriegrün,
KR000171,Schnittsellerie,ersatz,pflanze,KR000005,Liebstöckel,
KR000172,Fenchelknolle,mischkultur_gut,gruppe,,Salat,
KR000172,Fenchelknolle,mischkultur_schlecht,pflanze,KR000189,Tomate,
KR000172,Fenchelknolle,mischkultur_schlecht,gruppe,,Bohnen,
KR000172,Fenchelknolle,mischkultur_schlecht,pflanze,KR000047,Kümmel,
KR000172,Fenchelknolle,mischkultur_schlecht,pflanze,KR000006,Koriander,
KR000172,Fenchelknolle,ersatz,zutat,,Fenchelgrün nur eingeschränkt,
KR000173,Schwarzwurzel,mischkultur_gut,pflanze,KR000182,Zwiebel,
KR000173,Schwarzwurzel,mischkultur_gut,gruppe,,Salat,
KR000173,Schwarzwurzel,mischkultur_gut,pflanze,KR000180,Radieschen,
KR000173,Schwarzwurzel,ersatz,pflanze,KR000174,Haferwurzel,
KR000173,Schwarzwurzel,ersatz,pflanze,KR000167,Pastinake,
KR000173,Schwarzwurzel,ersatz,zutat,,Spargel nur saisonal,
KR000174,Haferwurzel,mischkultur_gut,pflanze,KR000182,Zwiebel,
KR000174,Haferwurzel,mischkultur_gut,gruppe,,Salat,
KR000174,Haferwurzel,mischkultur_gut,pflanze,KR000180,Radieschen,
KR000174,Haferwurzel,ersatz,pflanze,KR000173,Schwarzwurzel,
KR000174,Haferwurzel,ersatz,pflanze,KR000167,Pastinake,
KR000174,Haferwurzel,ersatz,pflanze,KR000168,Petersilienwurzel,
KR000175,Topinambur,ersatz,pflanze,KR000186,Kartoffel,
KR000175,Topinambur,ersatz,pflanze,KR000167,Pastinake,
KR000175,Topinambur,ersatz,pflanze,KR000173,Schwarzwurzel,
KR000176,Yacon,ersatz,zutat,,Jicama,
KR000176,Yacon,ersatz,pflanze,KR000269,Apfel,
KR000176,Yacon,ersatz,zutat,,milde Möhre,
KR000177,Meerrettich,mischkultur_gut,gruppe,,Salat,
KR000177,Meerrettich,mischkultur_gut,pflanze,KR000180,Radieschen,
KR000177,Meerrettich,mischkultur_gut,pflanze,KR000182,Zwiebel,
KR000177,Meerrettich,ersatz,pflanze,KR000178,Wasabi,
KR000177,Meerrettich,ersatz,pflanze,KR000179,Rettich,
KR000177,Meerrettich,ersatz,zutat,,Senf,
KR000178,Wasabi,mischkultur_gut,gruppe,,Salat,
KR000178,Wasabi,mischkultur_gut,pflanze,KR000180,Radieschen,
KR000178,Wasabi,mischkultur_gut,pflanze,KR000182,Zwiebel,
KR000178,Wasabi,ersatz,pflanze,KR000177,Meerrettich,
KR000178,Wasabi,ersatz,zutat,,Senf,
KR000178,Wasabi,ersatz,pflanze,KR000179,Rettich,
KR000179,Rettich,mischkultur_gut,gruppe,,Salat,
KR000179,Rettich,mischkultur_gut,gruppe,,Erbsen,
KR000179,Rettich,mischkultur_gut,gruppe,,Bohnen,
KR000179,Rettich,mischkultur_schlecht,pflanze,KR000196,Gurke,
KR000179,Rettich,ersatz,pflanze,KR000180,Radieschen,
KR000179,Rettich,ersatz,zutat,,Daikon,
KR000180,Radieschen,mischkultur_gut,gruppe,,Salat,
KR000180,Radieschen,mischkultur_gut,pflanze,KR000124,Spinat,
KR000180,Radieschen,mischkultur_gut,gruppe,,Erbsen,
KR000180,Radieschen,mischkultur_schlecht,gruppe,,Kohl,
KR000180,Radieschen,ersatz,pflanze,KR000179,Rettich,
KR000181,Schalotte,mischkultur_gut,pflanze,KR000166,Möhre,
KR000181,Schalotte,mischkultur_gut,gruppe,,Salat,
KR000181,Schalotte,mischkultur_gut,pflanze,KR000259,Erdbeere,
KR000181,Schalotte,mischkultur_schlecht,gruppe,,Bohnen,
KR000181,Schalotte,mischkultur_schlecht,gruppe,,Erbsen,
KR000181,Schalotte,ersatz,pflanze,KR000182,Zwiebel,
KR000182,Zwiebel,mischkultur_gut,pflanze,KR000166,Möhre,
KR000182,Zwiebel,mischkultur_gut,pflanze,KR000259,Erdbeere,
KR000182,Zwiebel,mischkultur_gut,gruppe,,Salat,
KR000182,Zwiebel,mischkultur_gut,pflanze,KR000126,Rote Bete,
KR000182,Zwiebel,mischkultur_schlecht,gruppe,,Bohnen,
KR000182,Zwiebel,mischkultur_schlecht,gruppe,,Erbsen,
KR000182,Zwiebel,ersatz,pflanze,KR000181,Schalotte,
KR000182,Zwiebel,ersatz,pflanze,KR000042,Frühlingszwiebel,
KR000183,Knoblauch,mischkultur_gut,pflanze,KR000259,Erdbeere,
KR000183,Knoblauch,mischkultur_gut,pflanze,KR000166,Möhre,
KR000183,Knoblauch,mischkultur_gut,pflanze,KR000189,Tomate,
KR000183,Knoblauch,mischkultur_gut,pflanze,KR000196,Gurke,
KR000183,Knoblauch,mischkultur_schlecht,gruppe,,Bohnen,
KR000183,Knoblauch,mischkultur_schlecht,gruppe,,Erbsen,
KR000183,Knoblauch,mischkultur_schlecht,gruppe,,Kohl,
KR000183,Knoblauch,ersatz,pflanze,KR000039,Bärlauch,
KR000183,Knoblauch,ersatz,pflanze,KR000041,Schnittknoblauch,
KR000184,Lauch,mischkultur_gut,pflanze,KR000166,Möhre,
KR000184,Lauch,mischkultur_gut,gruppe,,Sellerie,
KR000184,Lauch,mischkultur_gut,gruppe,,Salat,
KR000184,Lauch,mischkultur_schlecht,gruppe,,Bohnen,
KR000184,Lauch,mischkultur_schlecht,gruppe,,Erbsen,
KR000184,Lauch,mischkultur_schlecht,pflanze,KR000126,Rote Bete,
KR000184,Lauch,ersatz,pflanze,KR000042,Frühlingszwiebel,
KR000184,Lauch,ersatz,pflanze,KR000182,Zwiebel,
KR000185,Bärlauch-Zwiebel,ersatz,pflanze,KR000039,Bärlauch,
KR000185,Bärlauch-Zwiebel,ersatz,pflanze,KR000041,Schnittknoblauch,
KR000185,Bärlauch-Zwiebel,ersatz,pflanze,KR000042,Frühlingszwiebel,
KR000186,Kartoffel,ersatz,pflanze,KR000175,Topinambur,
KR000186,Kartoffel,ersatz,pflanze,KR000187,Süßkartoffel,
KR000186,Kartoffel,ersatz,pflanze,KR000188,Maniok,
KR000187,Süßkartoffel,ersatz,zutat,,Kürbis,
KR000187,Süßkartoffel,ersatz,pflanze,KR000186,Kartoffel,
KR000187,Süßkartoffel,ersatz,pflanze,KR000188,Maniok,
KR000188,Maniok,mischkultur_gut,pflanze,KR000182,Zwiebel,
KR000188,Maniok,mischkultur_gut,gruppe,,Salat,
KR000188,Maniok,mischkultur_gut,pflanze,KR000180,Radieschen,
KR000188,Maniok,ersatz,zutat,,Yams,
KR000188,Maniok,ersatz,zutat,,Kochbanane,
KR000188,Maniok,ersatz,pflanze,KR000186,Kartoffel,
KR000189,Tomate,mischkultur_gut,pflanze,KR000007,Basilikum,
KR000189,Tomate,mischkultur_gut,pflanze,KR000183,Knoblauch,
KR000189,Tomate,mischkultur_gut,pflanze,KR000001,Petersilie,
KR000189,Tomate,mischkultur_gut,pflanze,KR000089,Ringelblume,
KR000189,Tomate,mischkultur_schlecht,gruppe,,Fenchel,
KR000189,Tomate,mischkultur_schlecht,pflanze,KR000186,Kartoffel,
KR000190,Paprika,mischkultur_gut,pflanze,KR000007,Basilikum,
KR000190,Paprika,mischkultur_gut,pflanze,KR000182,Zwiebel,
KR000190,Paprika,mischkultur_gut,pflanze,KR000166,Möhre,
KR000190,Paprika,mischkultur_schlecht,gruppe,,Fenchel,
KR000191,Chili,mischkultur_gut,pflanze,KR000007,Basilikum,
KR000191,Chili,mischkultur_gut,pflanze,KR000182,Zwiebel,
KR000191,Chili,mischkultur_gut,pflanze,KR000189,Tomate,
KR000191,Chili,mischkultur_schlecht,gruppe,,Fenchel,
KR000193,Aubergine,mischkultur_gut,pflanze,KR000007,Basilikum,
KR000193,Aubergine,mischkultur_gut,gruppe,,Bohnen,
KR000193,Aubergine,mischkultur_schlecht,gruppe,,Fenchel,
KR000194,Andenbeere,mischkultur_gut,pflanze,KR000007,Basilikum,
KR000194,Andenbeere,mischkultur_gut,pflanze,KR000182,Zwiebel,
KR000194,Andenbeere,mischkultur_gut,pflanze,KR000089,Ringelblume,
KR000194,Andenbeere,mischkultur_schlecht,gruppe,,Fenchel,
KR000194,Andenbeere,ersatz,zutat,,Tomatillo süß-säuerlich,
KR000194,Andenbeere,ersatz,pflanze,KR000265,Stachelbeere,
KR000195,Tomatillo,mischkultur_gut,pflanze,KR000007,Basilikum,
KR000195,Tomatillo,mischkultur_gut,pflanze,KR000182,Zwiebel,
KR000195,Tomatillo,mischkultur_gut,pflanze,KR000089,Ringelblume,
KR000195,Tomatillo,mischkultur_schlecht,gruppe,,Fenchel,
KR000195,Tomatillo,ersatz,zutat,,grüne Tomate,
KR000195,Tomatillo,ersatz,zutat,,Physalis,nur bedingt
KR000196,Gurke,mischkultur_gut,pflanze,KR000003,Dill,
KR000196,Gurke,mischkultur_gut,gruppe,,Bohnen,
KR000196,Gurke,mischkultur_gut,gruppe,,Salat,
KR000196,Gurke,mischkultur_schlecht,pflanze,KR000189,Tomate,
KR000196,Gurke,mischkultur_schlecht,pflanze,KR000017,Salbei,
KR000197,Melone,mischkultur_gut,pflanze,KR000007,Basilikum,
KR000197,Melone,mischkultur_gut,pflanze,KR000182,Zwiebel,
KR000197,Melone,mischkultur_gut,pflanze,KR000089,Ringelblume,
KR000197,Melone,mischkultur_schlecht,gruppe,,Fenchel,
KR000197,Melone,ersatz,pflanze,KR000198,Wassermelone,
KR000197,Melone,ersatz,pflanze,KR000196,Gurke,
KR000197,Melone,ersatz,zutat,,Papaya,
KR000198,Wassermelone,mischkultur_gut,pflanze,KR000007,Basilikum,
KR000198,Wassermelone,mischkultur_gut,pflanze,KR000182,Zwiebel,
KR000198,Wassermelone,mischkultur_gut,pflanze,KR000089,Ringelblume,
KR000198,Wassermelone,mischkultur_schlecht,gruppe,,Fenchel,
KR000198,Wassermelone,ersatz,pflanze,KR000197,Melone,
KR000198,Wassermelone,ersatz,pflanze,KR000196,Gurke,
KR000199,Zucchini,mischkultur_gut,gruppe,,Bohnen,
KR000199,Zucchini,mischkultur_gut,pflanze,KR000034,Kapuzinerkresse,
KR000199,Zucchini,mischkultur_gut,pflanze,KR000089,Ringelblume,
KR000199,Zucchini,mischkultur_schlecht,pflanze,KR000186,Kartoffel,
KR000200,Gartenkürbis,mischkultur_gut,pflanze,KR000007,Basilikum,
KR000200,Gartenkürbis,mischkultur_gut,pflanze,KR000182,Zwiebel,
KR000200,Gartenkürbis,mischkultur_gut,pflanze,KR000089,Ringelblume,
KR000200,Gartenkürbis,mischkultur_schlecht,gruppe,,Fenchel,
KR000200,Gartenkürbis,ersatz,pflanze,KR000202,Moschuskürbis,
KR000200,Gartenkürbis,ersatz,pflanze,KR000187,Süßkartoffel,
KR000201,Riesenkürbis,mischkultur_gut,pflanze,KR000007,Basilikum,
KR000201,Riesenkürbis,mischkultur_gut,pflanze,KR000182,Zwiebel,
KR000201,Riesenkürbis,mischkultur_gut,pflanze,KR000089,Ringelblume,
KR000201,Riesenkürbis,mischkultur_schlecht,gruppe,,Fenchel,
KR000201,Riesenkürbis,ersatz,pflanze,KR000200,Gartenkürbis,
KR000201,Riesenkürbis,ersatz,pflanze,KR000202,Moschuskürbis,
KR000202,Moschuskürbis,mischkultur_gut,pflanze,KR000007,Basilikum,
KR000202,Moschuskürbis,mischkultur_gut,pflanze,KR000182,Zwiebel,
KR000202,Moschuskürbis,mischkultur_gut,pflanze,KR000089,Ringelblume,
KR000202,Moschuskürbis,mischkultur_schlecht,gruppe,,Fenchel,
KR000202,Moschuskürbis,ersatz,zutat,,Hokkaido-Kürbis,
KR000202,Moschuskürbis,ersatz,zutat,,Butternut-Kürbis,
KR000202,Moschuskürbis,ersatz,pflanze,KR000187,Süßkartoffel,
KR000203,Flaschenkürbis,mischkultur_gut,pflanze,KR000007,Basilikum,
KR000203,Flaschenkürbis,mischkultur_gut,pflanze,KR000182,Zwiebel,
KR000203,Flaschenkürbis,mischkultur_gut,pflanze,KR000089,Ringelblume,
KR000203,Flaschenkürbis,mischkultur_schlecht,gruppe,,Fenchel,
KR000203,Flaschenkürbis,ersatz,pflanze,KR000199,Zucchini,
KR000203,Flaschenkürbis,ersatz,zutat,,Kürbis,
KR000203,Flaschenkürbis,ersatz,zutat,,Chayote,
KR000204,Bittermelone,mischkultur_gut,pflanze,KR000007,Basilikum,
KR000204,Bittermelone,mischkultur_gut,pflanze,KR000182,Zwiebel,
KR000204,Bittermelone,mischkultur_gut,pflanze,KR000089,Ringelblume,
KR000204,Bittermelone,mischkultur_schlecht,gruppe,,Fenchel,
KR000204,Bittermelone,ersatz,zutat,,Aprikosenkern nur für Bittermandel-/Marzipankontexte,
KR000204,Bittermelone,ersatz,pflanze,KR000277,Haselnuss,nur bedingt
KR000205,Schwammgurke,mischkultur_gut,pflanze,KR000007,Basilikum,
KR000205,Schwammgurke,mischkultur_gut,pflanze,KR000182,Zwiebel,
KR000205,Schwammgurke,mischkultur_gut,pflanze,KR000089,Ringelblume,
KR000205,Schwammgurke,mischkultur_schlecht,gruppe,,Fenchel,
KR000205,Schwammgurke,ersatz,zutat,,Cashew,nur bedingt
KR000205,Schwammgurke,ersatz,zutat,,Mandel,nur bedingt
KR000206,Okra,mischkultur_gut,pflanze,KR000190,Paprika,
KR000206,Okra,mischkultur_gut,pflanze,KR000191,Chili,
KR000206,Okra,mischkultur_gut,pflanze,KR000007,Basilikum,
KR000206,Okra,mischkultur_schlecht,gruppe,,Fenchel,
KR000206,Okra,ersatz,zutat,,Cashew,nur bedingt
KR000206,Okra,ersatz,zutat,,Pekannuss,nur bedingt
KR000207,Mais,mischkultur_gut,pflanze,KR000007,Basilikum,
KR000207,Mais,mischkultur_gut,pflanze,KR000182,Zwiebel,
KR000207,Mais,mischkultur_gut,pflanze,KR000089,Ringelblume,
KR000207,Mais,mischkultur_schlecht,gruppe,,Fenchel,
KR000207,Mais,ersatz,zutat,,Mandel,nur bedingt
KR000207,Mais,ersatz,zutat,,Cashew,nur bedingt
KR000208,Artischocke,ersatz,pflanze,KR000209,Karde,
KR000208,Artischocke,ersatz,zutat,,Topinambur nur geschmacklich bedingt,
KR000209,Karde,ersatz,zutat,,Artischockenstiele,
KR000209,Karde,ersatz,zutat,,Stangensellerie nur textural,
KR000210,Gartenerbse,ersatz,pflanze,KR000211,Zuckererbse,
KR000210,Gartenerbse,ersatz,pflanze,KR000215,Dicke Bohne,
KR000210,Gartenerbse,ersatz,zutat,,Edamame,
KR000211,Zuckererbse,mischkultur_gut,pflanze,KR000166,Möhre,
KR000211,Zuckererbse,mischkultur_gut,gruppe,,Salat,
KR000211,Zuckererbse,mischkultur_gut,pflanze,KR000180,Radieschen,
KR000211,Zuckererbse,mischkultur_schlecht,pflanze,KR000182,Zwiebel,
KR000211,Zuckererbse,mischkultur_schlecht,pflanze,KR000183,Knoblauch,
KR000211,Zuckererbse,mischkultur_schlecht,pflanze,KR000184,Lauch,
KR000211,Zuckererbse,ersatz,zutat,,Erbse,
KR000212,Buschbohne,mischkultur_gut,pflanze,KR000018,Bohnenkraut,
KR000212,Buschbohne,mischkultur_gut,pflanze,KR000196,Gurke,
KR000212,Buschbohne,mischkultur_gut,gruppe,,Kohl,
KR000212,Buschbohne,mischkultur_gut,pflanze,KR000180,Radieschen,
KR000212,Buschbohne,mischkultur_schlecht,pflanze,KR000182,Zwiebel,
KR000212,Buschbohne,mischkultur_schlecht,pflanze,KR000183,Knoblauch,
KR000212,Buschbohne,mischkultur_schlecht,pflanze,KR000184,Lauch,
KR000212,Buschbohne,mischkultur_schlecht,gruppe,,Fenchel,
KR000212,Buschbohne,ersatz,pflanze,KR000213,Stangenbohne,
KR000213,Stangenbohne,mischkultur_gut,pflanze,KR000207,Mais,
KR000213,Stangenbohne,mischkultur_gut,pflanze,KR000196,Gurke,
KR000213,Stangenbohne,mischkultur_gut,gruppe,,Kohl,
KR000213,Stangenbohne,mischkultur_gut,pflanze,KR000180,Radieschen,
KR000213,Stangenbohne,mischkultur_schlecht,pflanze,KR000182,Zwiebel,
KR000213,Stangenbohne,mischkultur_schlecht,pflanze,KR000183,Knoblauch,
KR000213,Stangenbohne,mischkultur_schlecht,pflanze,KR000184,Lauch,
KR000213,Stangenbohne,mischkultur_schlecht,gruppe,,Fenchel,
KR000213,Stangenbohne,ersatz,pflanze,KR000212,Buschbohne,
KR000214,Feuerbohne,ersatz,pflanze,KR000213,Stangenbohne,
KR000214,Feuerbohne,ersatz,zutat,,Kidneybohne,
KR000214,Feuerbohne,ersatz,pflanze,KR000215,Dicke Bohne,
KR000215,Dicke Bohne,mischkultur_gut,gruppe,,Salat,
KR000215,Dicke Bohne,mischkultur_gut,pflanze,KR000158,Kohlrabi,
KR000215,Dicke Bohne,mischkultur_gut,pflanze,KR000180,Radieschen,
KR000215,Dicke Bohne,mischkultur_schlecht,pflanze,KR000182,Zwiebel,
KR000215,Dicke Bohne,mischkultur_schlecht,pflanze,KR000183,Knoblauch,
KR000215,Dicke Bohne,ersatz,zutat,,Erbse,
KR000216,Linse,ersatz,zutat,,Berglinse,
KR000216,Linse,ersatz,pflanze,KR000217,Kichererbse,
KR000216,Linse,ersatz,zutat,,Erbse,
KR000217,Kichererbse,ersatz,zutat,,Weiße Bohne,
KR000217,Kichererbse,ersatz,pflanze,KR000216,Linse,
KR000217,Kichererbse,ersatz,zutat,,Erbse,
KR000218,Sojabohne,ersatz,zutat,,Edamame,
KR000218,Sojabohne,ersatz,pflanze,KR000219,Lupine,
KR000218,Sojabohne,ersatz,pflanze,KR000217,Kichererbse,
KR000219,Lupine,ersatz,pflanze,KR000218,Sojabohne,
KR000219,Lupine,ersatz,pflanze,KR000217,Kichererbse,
KR000219,Lupine,ersatz,zutat,,Erbse,
KR000220,Erdnuss,ersatz,zutat,,Cashew,
KR000220,Erdnuss,ersatz,zutat,,Mandel,
KR000220,Erdnuss,ersatz,pflanze,KR000238,Sesam,
KR000229,Szechuanpfeffer,ersatz,hinweis,,kein vollwertiger Ersatz,
KR000229,Szechuanpfeffer,ersatz,zutat,,Zitronenpfeffer nur entfernt ähnlich,
KR000240,Kokos,ersatz,zutat,,Kokosmilchpulver,
KR000240,Kokos,ersatz,zutat,,Sahne + Kokosöl,
KR000240,Kokos,ersatz,zutat,,Cashewcreme,
KR000241,Kaffee,ersatz,zutat,,Carob,
KR000241,Kaffee,ersatz,zutat,,geröstete Zichorie,nur bedingt
KR000252,Asiatischer Wassernabel,mischkultur_gut,gruppe,,Salat,
KR000252,Asiatischer Wassernabel,mischkultur_gut,pflanze,KR000180,Radieschen,
KR000252,Asiatischer Wassernabel,mischkultur_gut,pflanze,KR000182,Zwiebel,
KR000252,Asiatischer Wassernabel,ersatz,zutat,,Postelein,
KR000252,Asiatischer Wassernabel,ersatz,zutat,,Babyspinat,
KR000252,Asiatischer Wassernabel,ersatz,pflanze,KR000037,Portulak,nur bedingt
KR000257,Australischer Minzbusch,ersatz,pflanze,KR000016,Rosmarin,nur bedingt
KR000257,Australischer Minzbusch,ersatz,zutat,,Minze nur entfernt ähnlich,
KR000258,Rhabarber,ersatz,pflanze,KR000030,Sauerampfer,nur bedingt
KR000258,Rhabarber,ersatz,zutat,,Cranberry nur für säuerliche Fruchtzubereitungen,
KR000259,Erdbeere,ersatz,pflanze,KR000260,Wald-Erdbeere,
KR000259,Erdbeere,ersatz,pflanze,KR000261,Himbeere,
KR000259,Erdbeere,ersatz,pflanze,KR000258,Rhabarber,
KR000260,Wald-Erdbeere,ersatz,pflanze,KR000259,Erdbeere,
KR000260,Wald-Erdbeere,ersatz,pflanze,KR000261,Himbeere,
KR000261,Himbeere,ersatz,pflanze,KR000262,Brombeere,
KR000261,Himbeere,ersatz,pflanze,KR000259,Erdbeere,
KR000261,Himbeere,ersatz,pflanze,KR000263,Johannisbeere,
KR000262,Brombeere,ersatz,pflanze,KR000261,Himbeere,
KR000262,Brombeere,ersatz,pflanze,KR000266,Heidelbeere,
KR000262,Brombeere,ersatz,pflanze,KR000264,Schwarze Johannisbeere,
KR000263,Johannisbeere,ersatz,pflanze,KR000265,Stachelbeere,
KR000263,Johannisbeere,ersatz,pflanze,KR000268,Preiselbeere,
KR000263,Johannisbeere,ersatz,pflanze,KR000261,Himbeere,
KR000264,Schwarze Johannisbeere,ersatz,pflanze,KR000262,Brombeere,
KR000264,Schwarze Johannisbeere,ersatz,pflanze,KR000266,Heidelbeere,
KR000264,Schwarze Johannisbeere,ersatz,zutat,,Aronia,
KR000265,Stachelbeere,ersatz,pflanze,KR000258,Rhabarber,
KR000265,Stachelbeere,ersatz,pflanze,KR000263,Johannisbeere,
KR000265,Stachelbeere,ersatz,zutat,,Kiwi,
KR000266,Heidelbeere,ersatz,pflanze,KR000267,Kulturheidelbeere,
KR000266,Heidelbeere,ersatz,pflanze,KR000262,Brombeere,
KR000266,Heidelbeere,ersatz,pflanze,KR000264,Schwarze Johannisbeere,
KR000267,Kulturheidelbeere,ersatz,pflanze,KR000266,Heidelbeere,
KR000267,Kulturheidelbeere,ersatz,pflanze,KR000262,Brombeere,
KR000268,Preiselbeere,ersatz,zutat,,Cranberry,
KR000268,Preiselbeere,ersatz,pflanze,KR000263,Johannisbeere,
KR000268,Preiselbeere,ersatz,pflanze,KR000273,Sauerkirsche,
KR000269,Apfel,ersatz,pflanze,KR000270,Birne,
KR000269,Apfel,ersatz,pflanze,KR000271,Quitte,
KR000269,Apfel,ersatz,zutat,,feste Pfirsiche,
KR000270,Birne,ersatz,pflanze,KR000269,Apfel,
KR000270,Birne,ersatz,pflanze,KR000271,Quitte,
KR000270,Birne,ersatz,pflanze,KR000275,Pfirsich,
KR000271,Quitte,ersatz,pflanze,KR000269,Apfel,
KR000271,Quitte,ersatz,pflanze,KR000270,Birne,
KR000272,Kirsche,ersatz,pflanze,KR000273,Sauerkirsche,
KR000272,Kirsche,ersatz,pflanze,KR000274,Pflaume,
KR000272,Kirsche,ersatz,pflanze,KR000262,Brombeere,
KR000273,Sauerkirsche,ersatz,pflanze,KR000272,Kirsche,
KR000273,Sauerkirsche,ersatz,pflanze,KR000268,Preiselbeere,
KR000273,Sauerkirsche,ersatz,zutat,,Cranberry,
KR000274,Pflaume,ersatz,zutat,,Zwetschge,
KR000274,Pflaume,ersatz,pflanze,KR000276,Aprikose,
KR000274,Pflaume,ersatz,pflanze,KR000273,Sauerkirsche,
KR000275,Pfirsich,ersatz,zutat,,Nektarine,
KR000275,Pfirsich,ersatz,pflanze,KR000276,Aprikose,
KR000275,Pfirsich,ersatz,zutat,,Mango,nur bedingt
KR000276,Aprikose,ersatz,pflanze,KR000275,Pfirsich,
KR000276,Aprikose,ersatz,pflanze,KR000274,Pflaume,
KR000276,Aprikose,ersatz,zutat,,Mango,
KR000277,Haselnuss,ersatz,pflanze,KR000278,Walnuss,
KR000277,Haselnuss,ersatz,zutat,,Mandel,
KR000277,Haselnuss,ersatz,zutat,,Pekannuss,
KR000278,Walnuss,ersatz,pflanze,KR000277,Haselnuss,
KR000278,Walnuss,ersatz,zutat,,Pekannuss,
KR000278,Walnuss,ersatz,zutat,,Mandel,
KR000279,Esskastanie,ersatz,pflanze,KR000186,Kartoffel,
KR000279,Esskastanie,ersatz,pflanze,KR000187,Süßkartoffel,
KR000279,Esskastanie,ersatz,zutat,,Haselnuss nur aromatisch,
